{"roc_auc_score": 0.8452380952380952, "accuracy_score": 0.8478260869565217, "f1_score": 0.8727272727272727}