{"roc_auc_score": 0.863095238095238, "accuracy_score": 0.8695652173913043, "f1_score": 0.8928571428571429}